EQUIPO;FABRICANTE;PLANOS;MANUALES
CRIBAS;TECYMACAN TSP3 SCREEN;https://drive.google.com/file/d/19yJVXKjmsThqhNdBEozbiSxADlM_ZxfE/view?usp=drive_link;https://drive.google.com/file/d/1qH-Oye31MEWJa4HO4MTlPJYHO5sGQXrt/view?usp=drive_link
CRIBAS;TECYMACAN TSP3 SCREEN;https://drive.google.com/file/d/1IR51SJZiAtbn8Z4zanQZU4zq3fQ9o7Fe/view?usp=drive_link;https://drive.google.com/file/d/1rfk9cT6Mlrd_03eLMPD04DijlTCaTcer/view?usp=drive_link
CRIBAS;TECYMACAN TSP3 SCREEN;;https://drive.google.com/file/d/1_JnN3XdtIw6XsQZq49L49EneofNDVKYV/view?usp=drive_link
CRIBAS;TECYMACAN TSP3 SCREEN;;https://drive.google.com/file/d/1-1xCLrDMvinWMeyMUjiQvXfAs9zk4ycD/view?usp=drive_link
CRIBAS;TECYMACAN TSP3 SCREEN;;https://drive.google.com/file/d/1vLGeKTG014x43hB7uRMndKqSmTqIJSzu/view?usp=drive_link
CRIBAS;TECYMACAN TSP3 SCREEN;;https://drive.google.com/file/d/1e9gvURdGb0RYBYHOYYHGp5ZpOMTJAZzo/view?usp=drive_link
FILTROS 54X11;MAM;https://drive.google.com/file/d/192n_uxPJl5wpL_uPYapxH-NWfcznz2xc/view?usp=drive_link;https://drive.google.com/file/d/1gNSHCHNbru1UZjSprL8TMkV7dZM0-J0q/view?usp=drive_link
FILTROS 54X11;MAM;https://drive.google.com/file/d/1xMBAYkbpi0hUjNeFsz8PI9EH3Jlw0UzF/view?usp=drive_link;https://drive.google.com/file/d/1aocW_c8yzs1SY3cFawu5g2kRflKJUjAG/view?usp=drive_link
FILTROS 54X11;MAM;https://drive.google.com/file/d/1BIVWKf3w1u04hymzdNqmnppSn-cPnGJA/view?usp=drive_link;https://drive.google.com/file/d/1d-mVYf9do75WoUF5dj650fkr1Yp_CE1d/view?usp=drive_link
FILTROS 54X11;MAM;https://drive.google.com/file/d/1PC3DBXOaMhsNqxeIp2f-wj8ZRKTdOUIy/view?usp=drive_link;https://drive.google.com/file/d/1slBBB8GWc37T02lrQtM8u874reF-SjpC/view?usp=drive_link
FILTROS 54X11;MAM;https://drive.google.com/file/d/1REP248C3I9oxFozRFhxvsCU01srXgr8H/view?usp=drive_link;
FILTROS 54X11;MAM;https://drive.google.com/file/d/1pYYt6gXeunzvby_-eunKgYfRuyzolQkM/view?usp=drive_link;
FILTROS 54X11;MAM;https://drive.google.com/file/d/1EO1hESjbovo8C8pLcAHv1f16k4-pMMn6/view?usp=drive_link;
FILTROS 54X11;MAM;https://drive.google.com/file/d/144RitrjiRWRaUaauFxY14JNH-lpnuCre/view?usp=drive_link;
FILTROS 54X11;MAM;https://drive.google.com/file/d/1ezjes_v0wr5JXQrddEWe2_re2NXbxmPl/view?usp=drive_link;
FILTROS 39X11;MAM;https://drive.google.com/file/d/13fwxcKggiWo0uiwpbPQ0z2m3tQCsxRIo/view?usp=drive_link;https://drive.google.com/file/d/10RG1NoiiE4rt-rpGVBpmm5rwfTBjJ7GG/view?usp=drive_link
FILTROS 39X11;MAM;;https://drive.google.com/file/d/14BfqYGr6m8WBnQ2CEA3CsY6J8PLkUvwa/view?usp=drive_link
FILTROS 39X11;MAM;;https://drive.google.com/file/d/1y7dI7WGjTTvMkawq6ve1Y42IKMUnTFDc/view?usp=drive_link
TRIPPERS;CINTASA;https://drive.google.com/file/d/1Eg0rtonFs31MkaItg6qz1u9WEBrBGGKD/view?usp=drive_link;https://drive.google.com/file/d/12nA3WyfglWfDbNFxe3MmlVcTetLb_ZFq/view?usp=drive_link
VENTILADOR POLVO CRIBAS;EOLTER;https://drive.google.com/file/d/1HhLo2A3wA0yLZfAhZA-McAX09fnpHF6k/view?usp=drive_link;https://drive.google.com/file/d/1AUWCuR1s5_UqMu3peonuQaSSBlLz7lev/view?usp=drive_link
VENTILADOR POLVO CRIBAS;EOLTER;;https://drive.google.com/file/d/1KMFlfR2lkfZl0QmB6Enh_H3chZxUY3eX/view?usp=drive_link
VENTILADOR CAMARA COMBUSTION;EOLTER;;
VENTILADOR CAMARA COMBUSTION;EOLTER;;
VENTILADOR ROTATIVOS GRANULACION;EOLTER;https://drive.google.com/file/d/12BDlrsv1_LIlAVzT_YBfNan3Rq656r1l/view?usp=drive_link;https://drive.google.com/file/d/1z70kYa9DoY_bcZyP-LLzivD46cmxqFnM/view?usp=drive_link
VENTILADOR ROTATIVOS GRANULACION;EOLTER;https://drive.google.com/file/d/1u-kRZ341QG0UP3rR5OMJ0H1JuvPqcerg/view?usp=drive_link;
VENTILADOR ROTATIVOS GRANULACION;EOLTER;https://drive.google.com/file/d/15aDGJX7OYk49gpL-De4ca1PkR-Gy2pPR/view?usp=drive_link;
VENTILADOR SCRUBBER SOLUBILIZACION;EOLTER;;https://drive.google.com/file/d/1c5OXrjdOj8hmbi186YH3_9Xs4hl3IPfZ/view?usp=drive_link
VENTILADOR SCRUBBER SOLUBILIZACION;EOLTER;;https://drive.google.com/file/d/1902r-vWNgikk7QImR6YKpLJLInfc7dmN/view?usp=drive_link
VENTILADOR SCRUBBER GRANULACION;EOLTER;;https://drive.google.com/file/d/1v_GJjGQ_NoqM_Rc-QlwgISbmXUABVk4p/view?usp=drive_link
VENTILADOR SCRUBBER GRANULACION;EOLTER;;https://drive.google.com/file/d/10p1eimxW5TjSefp2XQcwiKuVrTMNXDf5/view?usp=drive_link
VENTILADOR POLVO ESTABILIZADOR;EOLTER;;https://drive.google.com/file/d/1G-6Mq0ClOltSoE81HL_DqUsqi9tP3Pxv/view?usp=drive_link
VENTILADOR POLVO ESTABILIZADOR;EOLTER;;https://drive.google.com/file/d/1cBqadGiFJKVE1vsx-pXh-ArPjLOVmtZ2/view?usp=drive_link
